lsp_name,website,linkedin_url,result_title,verdict,notes
Carlow Sports Partnership,www.carlowsports.ie,https://www.linkedin.com/company/active-carlow,Active Carlow | LinkedIn,verified,title contains 'carlow' + a sport token; matched on variant 5/5
Cavan Sports Partnership,www.cavansportspartnership.ie,https://www.linkedin.com/company/cavan-sports-partnership,Cavan Sports Partnership | LinkedIn,verified,title contains 'cavan' + a sport token; matched on variant 1/5
Clare Sports Partnership,www.claresports.ie,https://www.linkedin.com/company/clare-sports-partnership,Clare Local Sports Partnership - LinkedIn Ireland,verified,title contains 'clare' + a sport token; matched on variant 1/5
Cork Sports Partnership,www.corksports.ie,https://www.linkedin.com/company/cork-local-sports-partnership,Cork Local Sports Partnership - LinkedIn Ireland,verified,title contains 'cork' + a sport token; matched on variant 1/5
Donegal Sports Partnership,www.activedonegal.com,https://www.linkedin.com/company/mayo-local-sports-partnership,Mayo Local Sports Partnership - LinkedIn Ireland,needs_manual_review,"no result across 5 query variants corroborated (expected 'donegal' + a sport token in the title); best candidate from: site:linkedin.com/company ""Donegal Sports Partnership"""
Dublin City Sport & Wellbeing Partnership,www.dcswphub.ie,https://www.linkedin.com/company/thebridgeproject,The Bridge Project - LinkedIn Ireland,needs_manual_review,"no result across 6 query variants corroborated (expected 'dublin' + a sport token in the title); best candidate from: site:linkedin.com/company ""Dublin City Sport & Wellbeing Partnership"""
Dun Laoghaire Rathdown Sports Partnership,www.dlrsportspartnership.ie,https://www.linkedin.com/company/dlr-sports-partnership,Dún Laoghaire - Rathdown Sports Partnership - LinkedIn Ireland,verified,title contains 'laoghaire' + a sport token; matched on variant 1/5
Fingal Sports Partnership,www.fingal.ie,https://www.linkedin.com/company/waterford-sports-partnership,Waterford Sports Partnership - LinkedIn,needs_manual_review,no result across 5 query variants corroborated (expected 'fingal' + a sport token in the title); best candidate from: site:linkedin.com/company Fingal sports partnership Ireland
Galway Sports Active,www.galwayactive.ie,https://www.linkedin.com/company/atu-galway-department-of-sport-exercise-nutrition,"ATU Galway - Department of Sport, Exercise & Nutrition | LinkedIn",needs_manual_review,"token gate passed but this page is already 'ATU Galway, Dept of Sport, Exercise & Nutrition' — one LinkedIn page is not two organisations"
Kerry Recreation and Sports Partnership,(Facebook only),https://www.linkedin.com/company/activedisabilityireland,Active Disability Ireland | LinkedIn,needs_manual_review,no result across 6 query variants corroborated (expected 'kerry' + a sport token in the title); best candidate from: site:linkedin.com/company Kerry sports partnership Ireland
Kildare Sports Partnership,kildarecoco.ie/kildaresp/,https://www.linkedin.com/company/kildare-sports-partnership,Kildare Sports Partnership - LinkedIn Ireland,verified,title contains 'kildare' + a sport token; matched on variant 1/5
Kilkenny Recreation & Sports Partnership,www.krsp.ie,https://www.linkedin.com/company/kilkenny-tradfest,Kilkenny Tradfest - LinkedIn Ireland,needs_manual_review,"no result across 6 query variants corroborated (expected 'kilkenny' + a sport token in the title); best candidate from: site:linkedin.com/company ""Kilkenny Recreation & Sports Partnership"""
Laois Sports Partnership,www.laoissports.ie,https://www.linkedin.com/company/laois-sports-partnership,Laois Sports Partnership - LinkedIn Ireland,verified,title contains 'laois' + a sport token; matched on variant 1/5
Leitrim Sports Partnership,www.leitrimsports.ie,https://www.linkedin.com/company/mayo-local-sports-partnership,Mayo Local Sports Partnership - LinkedIn Ireland,needs_manual_review,no result across 5 query variants corroborated (expected 'leitrim' + a sport token in the title); best candidate from: site:linkedin.com/company Leitrim sports partnership Ireland
Limerick Sports Partnership,www.limericksports.ie,https://www.linkedin.com/company/limerick-sports-partnership,Limerick Sports Partnership - LinkedIn Ireland,verified,title contains 'limerick' + a sport token; matched on variant 1/5
Longford Sports,www.longfordsports.ie,https://www.linkedin.com/company/edufitireland,EduFIT - LinkedIn Ireland,needs_manual_review,"no result across 6 query variants corroborated (expected 'longford' + a sport token in the title); best candidate from: site:linkedin.com/company ""Longford Sports"""
Louth Sports Partnership,www.louthlsp.com,https://www.linkedin.com/company/louth-local-sports-partnership,Louth Local Sports Partnership - LinkedIn Ireland,verified,title contains 'louth' + a sport token; matched on variant 1/5
Mayo Sports Partnership,www.mayosports.ie,https://www.linkedin.com/company/mayo-local-sports-partnership,Mayo Local Sports Partnership - LinkedIn Ireland,verified,title contains 'mayo' + a sport token; matched on variant 1/5
Meath Local Sports Partnership,www.meathsports.ie,https://www.linkedin.com/company/meath-local-sports-partnership,Meath Local Sports Partnership - LinkedIn Ireland,verified,title contains 'meath' + a sport token; matched on variant 1/5
Monaghan Sports Partnership,www.monaghansports.ie,https://www.linkedin.com/company/monaghan-county-council-ireland-,Monaghan County Council (Ireland) | 领英,needs_manual_review,no result across 5 query variants corroborated (expected 'monaghan' + a sport token in the title); best candidate from: site:linkedin.com/company Monaghan sports partnership Ireland
Offaly Sports Partnership,www.offalysports.ie,https://www.linkedin.com/company/she-research,SHE Research - LinkedIn Ireland,needs_manual_review,"no result across 5 query variants corroborated (expected 'offaly' + a sport token in the title); best candidate from: site:linkedin.com/company ""Offaly Sports Partnership"""
Roscommon Sports Partnership,www.rosactive.org,https://www.linkedin.com/company/roscommon-sports-partnership-rsp,Roscommon Sports Partnership - LinkedIn Ireland,verified,title contains 'roscommon' + a sport token; matched on variant 1/5
Sligo Sport & Recreation Partnership,www.sligosportandrecreation.ie,https://www.linkedin.com/company/mayo-local-sports-partnership,Mayo Local Sports Partnership - LinkedIn Ireland,needs_manual_review,no result across 5 query variants corroborated (expected 'sligo' + a sport token in the title); best candidate from: site:linkedin.com/company Sligo sports partnership Ireland
South Dublin County Sports Partnership,www.sdcsp.ie,https://www.linkedin.com/company/eos-elite,Eos Elite - LinkedIn Ireland,needs_manual_review,no result across 6 query variants corroborated (expected 'dublin' + a sport token in the title); best candidate from: site:linkedin.com/company South Dublin sports partnership Ireland
Tipperary Sports,www.tipperarysports.ie,https://www.linkedin.com/company/horse-sport-ireland,Horse Sport Ireland | LinkedIn,needs_manual_review,no result across 6 query variants corroborated (expected 'tipperary' + a sport token in the title); best candidate from: site:linkedin.com/company Tipperary sports partnership Ireland
Waterford Sports Partnership,www.waterfordsportspartnership.ie,https://www.linkedin.com/company/waterford-sports-partnership,Waterford Sports Partnership - LinkedIn,verified,title contains 'waterford' + a sport token; matched on variant 1/5
Westmeath Sports Partnership,www.westmeathsports.ie,https://www.linkedin.com/company/roscommon-sports-partnership-rsp,Roscommon Sports Partnership - LinkedIn Ireland,needs_manual_review,"no result across 5 query variants corroborated (expected 'westmeath' + a sport token in the title); best candidate from: site:linkedin.com/company ""Westmeath Sports Partnership"""
Sports Active Wexford,www.sportsactivewexford.ie,https://www.linkedin.com/company/get-ireland-walking,Get Ireland Walking | LinkedIn,needs_manual_review,"no result across 6 query variants corroborated (expected 'wexford' + a sport token in the title); best candidate from: site:linkedin.com/company ""Sports Active Wexford"""
Wicklow Local Sports Partnership,www.wicklowlsp.ie,https://www.linkedin.com/company/wicklow-sports-recreation-partnership,Wicklow Sports & Recreation Partnership - LinkedIn Ireland,verified,title contains 'wicklow' + a sport token; matched on variant 1/5
